Code,MeanVoltage,StdVoltage,N
0.000000000000000000e+00,1.406346297399999834e+00,1.103694764144748292e-05,1.000000000000000000e+03
